{"cameraMode":{"drawMode":0,"name":"Shaded","section":"Shading Mode"},"sceneLighting":false,"audioPlay":false,"sceneViewState":{"m_AlwaysRefresh":false,"showFog":true,"showSkybox":false,"showFlares":true,"showImageEffects":true,"showParticleSystems":true,"showVisualEffectGraphs":true,"m_FxEnabled":true},"in2DMode":false,"pivot":{"x":-0.06678491830825806,"y":1.214332103729248,"z":0.2076265811920166},"rotation":{"x":0.12913300096988679,"y":-0.14625321328639985,"z":0.01878855936229229,"w":0.9809843897819519},"size":1.3449110984802247,"orthographic":false}