{"cameraMode":{"drawMode":0,"name":"Shaded","section":"Shading Mode"},"sceneLighting":true,"audioPlay":false,"sceneViewState":{"m_AlwaysRefresh":false,"showFog":true,"showSkybox":true,"showFlares":true,"showImageEffects":true,"showParticleSystems":true,"showVisualEffectGraphs":true,"m_FxEnabled":true},"in2DMode":false,"pivot":{"x":4.934751033782959,"y":-0.22102969884872437,"z":0.8614529967308044},"rotation":{"x":-0.22027070820331574,"y":-0.4466761350631714,"z":0.11314524710178375,"w":-0.8616594076156616},"size":5.446105003356934,"orthographic":false}